Label,SiO2,TiO2,Ti,Al2O3,Fe2O3,FeO,MnO,MgO,CaO,Na2O,K2O,P2O5,K,P,LOI,Total,,Li,Be,Sc,V,Cr,Co,Ni,Cu,Zn,Ga,Rb,Sr,Y,Zr,Nb,Cs,Ba,La,Ce,Pr,Nd,Sm,Eu,Gd,Tb,Dy,Ho,Er,Tm,Yb,Lu,Hf,Ta,Tl,Pb,Ag,Au
Zhang SH2016,0.5331421797866943,0.02131579208941384,0.021315578585268263,0.08485259878675387,0.0602583138925885,0.05100104806653516,0.0019686305203576093,0.08678718465504597,0.09901926765524169,0.02017132951743721,0.005082997380248296,0.0010775397963409127,0.010165951590575142,0.0021550492262142136,0.0,0.0,0.0,0.00014373078411110602,6.27201264527803e-06,5.532263212322354e-05,0.0004803901523080867,0.00014963496888232753,5.100308688087807e-05,7.862998785341757e-05,5.5986532414956675e-05,0.00010171220982268541,1.8503064841905705e-05,1.4316382862202133e-05,0.0002709461432686556,2.2214889940048145e-05,9.476593398304529e-05,9.01868170130965e-06,4.1529174834551707e-07,9.103741611649189e-05,5.45762271072275e-06,1.3383798327488811e-05,1.8641484713406168e-06,8.482895045757266e-06,2.2467223286307817e-06,7.83303957384041e-07,2.2159432761720562e-06,3.6822010867506733e-07,2.2834885583012935e-06,4.4351689019405285e-07,1.176847587483677e-06,1.732020595005059e-07,1.0298968861044944e-06,1.4822687895651045e-07,1.2592756826903603e-06,2.8297966763796967e-07,1.9522294583248377e-08,1.01739012364463e-06,1.140502661088557e-09,1.3842334604838146e-10
Zhang SH2016,0.5181905428588481,0.017348424836428726,0.017348251075471693,0.08105062866087924,0.049012856619999386,0.07808397243721998,0.0016493565159092162,0.08204651944273093,0.11134922789539299,0.02424278565148082,0.005033778889234565,0.001041196608734711,0.010067515027391807,0.002082363875632124,0.0,0.0,0.0,0.0001739124317092735,6.832883561618223e-06,5.917400985778888e-05,0.0004315493968514322,5.803090405157107e-05,4.566205833060722e-05,4.112735933043095e-05,3.178481236382621e-05,9.117262684309955e-05,1.9253711273619633e-05,1.5490661416382502e-05,0.00021435351878882087,2.5004083410876455e-05,0.00010598015925688983,8.947924342936098e-06,2.270321228856754e-07,7.667860520266581e-05,6.206442184141271e-06,1.53381055822611e-05,2.1107974199025774e-06,9.52022372131365e-06,2.3753614458502567e-06,7.982878812338358e-07,2.5414880346662026e-06,4.1847026656821106e-07,2.4783258667026122e-06,4.779070843464811e-07,1.3106735303899313e-06,1.8590307432516996e-07,1.106713889614042e-06,1.6541551280810573e-07,1.397253352686696e-06,2.85864228511316e-07,1.8981747033818693e-08,6.597771188387524e-07,1.29017622370375e-09,1.438133948955086e-10
Zhang SH2016,0.504456278630598,0.03063886962804891,0.030638562734762217,0.07394048811383397,0.0727769075907071,0.06963085349657908,0.0021615665708574774,0.07450409924629857,0.09707005678937054,0.02360612005813238,0.004951339480049474,0.0013503277473613815,0.009902636908847984,0.0027006174418134363,0.0,0.0,0.0,0.00022186461005012538,7.727285384888787e-06,5.556744704521167e-05,0.0006847804838919146,1.7202347878349241e-06,5.2362167096953046e-05,1.8287337258037906e-05,4.403686083721539e-05,0.00012215058675073132,2.052590968300125e-05,1.420304740484659e-05,0.0001596876488679348,2.7307614775091208e-05,0.00012116228427474932,1.1209147221809127e-05,5.335936379329083e-07,5.396752696640784e-05,7.497193445109618e-06,1.7418313101678006e-05,2.3804286097295076e-06,1.0718995563270618e-05,2.7491752429159557e-06,9.795929821751127e-07,2.848116990064601e-06,4.663320594049904e-07,2.7010575180460563e-06,5.423229314568369e-07,1.470624152615373e-06,2.1178775987894816e-07,1.2294634969942e-06,1.8257647420568502e-07,1.6000151478325852e-06,3.4602146229190665e-07,3.0322415895527656e-08,8.078709670972421e-07,1.397812860788276e-09,1.6867133581909174e-10
Zhang SH2016,0.5326606261876439,0.034487566727569016,0.034487221295292914,0.07599683205802138,0.06797429629417034,0.04957645905613405,0.0019276353853720327,0.056545568739286775,0.08070096264143989,0.02721053714736829,0.00953953381931135,0.0026148152824438577,0.01907898661626237,0.0052295568789299555,0.0,0.0,0.0,0.0002251803312442863,1.3149827740222802e-05,4.721820884108668e-05,0.0005419669584279575,9.805498421901486e-06,4.342214303441418e-05,2.3630288162150604e-05,3.278992643303741e-05,0.00019620044691965135,2.110624893846533e-05,3.5045639481782395e-05,0.00024969779712046166,3.6839724847948656e-05,0.00018629880897389278,1.9974598134304183e-05,7.495960969361679e-07,0.00019013721234503958,1.5235008297414048e-05,3.174034590697891e-05,4.2745048318129515e-06,1.8327911557404418e-05,4.261293658702395e-06,1.3797291426066418e-06,4.223652699554991e-06,6.432579439475552e-07,3.79468120358224e-06,7.18537671805708e-07,1.9348423077412063e-06,2.698106520358295e-07,1.6443757524320419e-06,2.3445720470642346e-07,2.3931429007133625e-06,6.081516477359245e-07,7.009111494596997e-08,4.431064216050995e-06,3.3502578526912835e-09,4.066223761825872e-10
Zhang SH2016,0.5181211944649932,0.032943116732386764,0.03294278676491701,0.07747642594242846,0.07090779542853075,0.0809279779013549,0.001739989677232058,0.06157173204705045,0.06927596277620815,0.031863861823425675,0.004896591674987331,0.001922219261852722,0.009793141764351613,0.003844384355446981,0.0,0.0,0.0,0.0002087428220644506,9.587111807054764e-06,4.696374758005672e-05,0.0005177504233504444,5.284887598967666e-05,4.453357332971756e-05,4.0177555979564394e-05,2.6682004118496834e-05,0.0001083048087132379,2.0404887626936535e-05,2.1662495868623557e-05,0.0003202924163837259,3.3465810407929856e-05,0.00015880417270973504,1.6362005093858058e-05,6.012131522700833e-07,7.61616073936101e-05,1.0335680679602406e-05,2.267186706182217e-05,3.181124349259943e-06,1.3916592220620134e-05,3.3224632104559927e-06,1.1670463063996552e-06,3.4784646591919e-06,5.640947630107359e-07,3.3660834932795463e-06,6.499045451304319e-07,1.7905134488628654e-06,2.499550316737784e-07,1.4866279328063158e-06,2.1534683960538032e-07,2.096402900146941e-06,4.7389987037974497e-07,4.13210278020208e-08,4.640215198998357e-07,2.1861469498248464e-09,2.5725761600214536e-10
Zhang SH2016,0.6452474887594953,0.01923261903990251,0.01923242640484727,0.0856683093479117,0.06338721440232184,0.021182789330716423,0.0013969798434335975,0.022128785867081675,0.036858127754519375,0.029351275793268353,0.014352843246670893,0.003939578504154073,0.028705564595228106,0.007879045988564181,0.0,0.0,0.0,0.0001754301229597684,2.010690147945802e-05,2.88137316577572e-05,6.377877125853024e-05,7.623465653828821e-07,2.0298405155540317e-05,6.150580390955216e-07,7.897564983310222e-06,0.00014940645507216256,2.5380439284424023e-05,5.143091684445013e-05,0.0001599547468199605,5.206940920061243e-05,0.0003289969990917425,2.3999392764641965e-05,1.0012677864470791e-06,0.00019432139020641735,2.1351572527345058e-05,4.4557010613406164e-05,6.178822224200765e-06,2.630317930617026e-05,5.884544986126285e-06,1.7607036908482135e-06,5.896792324015374e-06,9.353223443028017e-07,5.488483603611444e-06,1.0600628543028814e-06,2.7804242328980276e-06,3.896731739613072e-07,2.3765790723578436e-06,3.438733092206548e-07,4.203655981447856e-06,6.571900413805048e-07,8.658383248008104e-08,2.4255140182274247e-06,6.503024857794402e-09,7.115539955597713e-10
Zhang SH2016,0.5338722759302803,0.029257196944939723,0.02925690390099425,0.07400174569629991,0.06708880453328445,0.0910836330368204,0.002130852832291491,0.051099294493954346,0.07053264551753369,0.02794516408036559,0.00561647681979043,0.0018635972823097052,0.011232905939889843,0.0037271420483319805,0.0,0.0,0.0,0.0001833188822442411,1.0273126351271535e-05,5.0154690459519645e-05,0.00031403444706946265,6.419783775012825e-07,4.039681469950757e-05,8.155294068594698e-07,5.778240818593441e-06,0.000131974781748271,2.186022371352366e-05,1.562243179976292e-05,0.00014304251228427413,3.726239421301397e-05,0.00017674460068611898,1.782894142737008e-05,5.307506412759017e-07,6.329048959419998e-05,1.124469380693544e-05,2.5711274182838287e-05,3.477445207519521e-06,1.5457057698495204e-05,3.882958229136066e-06,1.2640796049871672e-06,4.005204057281032e-06,6.301141746309403e-07,3.852550326027062e-06,7.446451838873494e-07,1.9957294922482163e-06,2.9079857452551936e-07,1.6960637147069727e-06,2.483754936508727e-07,2.346513500896123e-06,5.186185788035146e-07,2.6501799133300725e-08,3.9515629315138744e-07,2.084443299032123e-09,2.4301684256157e-10
Zhang SH2016,0.503308117723057,0.024288532299049603,0.024288289022144596,0.07377456033339472,0.05632039565766633,0.09310419856353501,0.0017144467222868795,0.08102018316112214,0.09271466385613954,0.027962153383290615,0.005229034258784982,0.0013708960968223717,0.010458024108523053,0.0027417535618943674,0.0,0.0,0.0,0.00016472725593666993,9.243951231255644e-06,4.314902575349154e-05,0.0004058581517558067,6.128124808307599e-05,5.014681737020464e-05,5.118052846811818e-05,0.0001435390692268437,0.0002157794857547314,1.6134768854098523e-05,1.1241432239260976e-05,0.0001977919883230897,2.3391760114119552e-05,0.00014331657926380025,1.85883111411864e-05,2.836716781900574e-07,8.236147137438648e-05,1.0637853630101247e-05,2.3912828727112034e-05,3.085592172234707e-06,1.302668252503665e-05,2.879484610037854e-06,8.323187983831761e-07,2.695313019219095e-06,4.2471430346926196e-07,2.4847448501378885e-06,4.682419051415242e-07,1.2106589659544541e-06,1.6917933444752774e-07,1.0015044651315623e-06,1.424935783690199e-07,1.8533271813697957e-06,5.544948668311511e-07,2.14220577976452e-08,1.3323955909467216e-06,2.2041970194476864e-09,2.809415392284498e-10
Zhang SH2016,0.48847282337941794,0.03270440650361202,0.03270407892739616,0.08290905119479051,0.06808538182105296,0.044862550102771175,0.0019045086183629004,0.07933137346005664,0.10921666509531301,0.025534685331505907,0.009356785746795977,0.0013143838344257157,0.018713492019554894,0.002628730628444091,0.0,0.0,0.0,0.00014368418284049805,6.781571317303998e-06,6.28223938446148e-05,0.0008739188365754584,2.239466340040803e-05,5.752907229674997e-05,5.327012744871412e-05,0.0002257633180612993,0.0001387429521474861,2.122210726501626e-05,3.5829534213761605e-05,0.0002635893956894414,2.1925478168135147e-05,0.00010578373145787783,1.6134189884673738e-05,9.390650297551617e-07,0.00015272087444010205,9.35553775739101e-06,2.03400834427734e-05,2.5978519561127963e-06,1.097185618222297e-05,2.5029967386407582e-06,9.017281374726316e-07,2.4137822659980644e-06,3.9265876148594484e-07,2.268495861705931e-06,4.2907073268916207e-07,1.1577471867672484e-06,1.6375235682309883e-07,9.889158009090418e-07,1.433988580012606e-07,1.3588270863650884e-06,4.657517883143152e-07,5.351151678726837e-08,1.524503675415091e-06,1.2286000349894722e-09,1.4371327661348521e-10
Zhang SH2016,0.5162195493350177,0.013075945785910977,0.013075814813042602,0.09205308673510146,0.046513853929806656,0.043970811631174965,0.0014721651076858799,0.10866357638799568,0.12291043934707185,0.02337874896385899,0.004919685680887454,0.0006437617024081931,0.009839329580019797,0.0012875052632905697,0.0,0.0,0.0,0.0002558109073956809,3.114211280716665e-06,5.7928961982388406e-05,0.00037028467524688176,0.00030001070757690887,5.437899006926427e-05,0.00011231602640732367,8.01154006496857e-05,7.207786365846447e-05,1.5726889702126542e-05,2.96304894324537e-05,0.00036128348903148057,1.5343541811347966e-05,5.051323867591016e-05,4.144919920541712e-06,5.991377148402365e-07,0.00016682487510527553,3.3079804595483758e-06,7.68609659503749e-06,1.1348569095577653e-06,5.113241824142377e-06,1.3456713352930124e-06,5.712425498617549e-07,1.4942438301631193e-06,2.423083943236361e-07,1.4700677312699672e-06,3.007618094507514e-07,7.999705325622049e-07,1.1977155485410672e-07,7.015578906341958e-07,1.0072046909462988e-07,6.984399978522255e-07,1.33462067837904e-07,3.832238025461566e-08,3.6225777380566686e-07,3.8725422698878077e-10,4.9705948300028195e-11
Zhang SH2016,0.528460792505888,0.01670653974165304,0.016706372402741775,0.09014185081260828,0.055477254465946,0.037520562953652394,0.0017186054945541322,0.08654377935564922,0.12331552275455637,0.028740293242378936,0.0034513372481893207,0.0009066044687668448,0.006902645185309478,0.0018131833889676382,0.0,0.0,0.0,0.00017273906872151455,3.907960045812916e-06,5.529120672093863e-05,0.0004148199579558951,0.00010837505576102941,6.65419253142376e-05,7.5814605490272e-05,9.635116940797807e-05,8.028484333385753e-05,1.845671106561948e-05,1.8067959146647327e-05,0.0002929629762930134,1.889288013356191e-05,6.667207986206953e-05,5.3800665519694265e-06,5.401816742454337e-07,6.312927691239003e-05,4.593125716593457e-06,1.1311101634472628e-05,1.5573534359628913e-06,6.902435820479453e-06,1.7837732501251804e-06,7.309369378447757e-07,1.89082198848891e-06,3.153663278371222e-07,1.8880853160471862e-06,3.819083893545308e-07,1.073082607753527e-06,1.4032246053799282e-07,8.728157727000907e-07,1.2387141747102575e-07,9.069028973615998e-07,1.6843633866534972e-07,2.8499473335021983e-08,1.7586090451838155e-06,5.337062294950588e-10,7.221103217612508e-11
Zhang SH2016,0.5265426570717409,0.02693365039113989,0.02693338060902769,0.0807219123125852,0.06796828423935654,0.03989043787663861,0.002033890016185945,0.07029322477123431,0.10338210340919164,0.02571241168014809,0.007240700655778402,0.002079111885264784,0.014481339817555542,0.0041581651801197925,0.0,0.0,0.0,9.63870241555737e-05,8.805078545634374e-06,5.5287927057512185e-05,0.000442858091909829,8.627067621805083e-06,4.885200713643625e-05,3.340871648665591e-05,0.00012177879143514134,0.00012137194870470894,2.1727701454012338e-05,2.1561633793920797e-05,0.0002133140601318855,3.2382628788626055e-05,0.00015025019544294914,1.623529614764007e-05,2.299434223345101e-06,0.00015663751399858642,1.1992017100358425e-05,2.6304282234321042e-05,3.4487481139609517e-06,1.4912826974725722e-05,3.458746566920876e-06,1.221303466494579e-06,3.4573372648355366e-06,5.612076761319546e-07,3.272995134454188e-06,6.521104967438031e-07,1.7448109811826317e-06,2.484506938003862e-07,1.4969797004954182e-06,2.2114352781606258e-07,1.9179376483326558e-06,4.457891386642083e-07,5.7757978014397766e-08,1.528745707046172e-06,1.5868100647405622e-09,1.8978426687988668e-10
Zhang SH2016,0.5269994011103298,0.02310970138208464,0.02310946990119517,0.09339456037150805,0.05770605737085722,0.04691176573213459,0.0016025721155987695,0.07715188659568514,0.10875564644180585,0.020823691692320626,0.004898467393594259,0.001319128961645558,0.00979689318462367,0.00263822074871554,0.0,0.0,0.0,0.00013104522037740978,6.8265231646265955e-06,5.473974784004479e-05,0.0004647006508827099,0.00033695528197962785,4.425337270995075e-05,8.453885954371563e-05,3.777878423891879e-05,0.00010637269701518643,2.0333003861169475e-05,1.627430899321824e-05,0.0001999584631059225,2.549829587165055e-05,0.0001084911597325758,1.036474800923454e-05,2.867964733377081e-07,8.375567862073013e-05,7.17312943871026e-06,1.55586394587482e-05,2.3017008781220286e-06,1.0199354642169433e-05,2.5350369053925365e-06,8.756974951808708e-07,2.6663590715695004e-06,4.291891583466186e-07,2.5596392846097615e-06,5.027625320909734e-07,1.3553515284903204e-06,1.8604670148562384e-07,1.0974911641270615e-06,1.643442652827423e-07,1.4274234716095658e-06,3.252152635987342e-07,5.5622726625600846e-08,9.488538562104382e-07,1.3948606863264438e-09,1.5277832400563173e-10
Zhang SH2016,0.5111830215635652,0.02286052338964417,0.02286029440785176,0.09159181588827318,0.06405857168945638,0.08358767754472432,0.0017935672989862954,0.0928089682093953,0.08201896679469738,0.01970700677149782,0.00027014077601321504,0.0016582498593315433,0.0005402792577556636,0.0033164529891766214,0.0,0.0,0.0,0.00014116337039188332,5.788214465606264e-06,4.995151908512075e-05,0.00041334913534255284,0.00032788744852576185,4.166660294060141e-05,7.261833767634167e-05,3.353647075010694e-05,9.681417145390504e-05,1.770053662822848e-05,1.607725849940728e-05,0.0001735223500047439,2.0678942314188204e-05,9.06556778516057e-05,8.285155178823255e-06,3.254819315521455e-07,0.00019178082254666932,5.633087946728698e-06,1.3393529971423617e-05,1.8916474039721722e-06,8.51189665430122e-06,2.1238907265026032e-06,7.367713334509078e-07,2.285696494718947e-06,3.602550699578034e-07,2.113981406116372e-06,4.1270907471510124e-07,1.152428264211823e-06,1.581584601691825e-07,9.631701277167738e-07,1.3452619036841915e-07,1.1654526445875036e-06,2.566434173082353e-07,4.6688899013535566e-08,1.320199223798633e-06,1.1853958276598456e-09,1.4533852971343173e-10
Zhang SH2016,0.4914982512658562,0.021708654045075347,0.021708436610816794,0.08112605920048294,0.056102370994973186,0.08090905275550396,0.0017775163671862897,0.09917399486326677,0.09983547621470017,0.019022034933421975,0.007094665894946411,0.0012436615503238076,0.01418927153548798,0.0024872880528307314,0.0,0.0,0.0,0.0005087275488465118,7.205496604496884e-06,5.343119676470458e-05,0.0004207885250231811,8.354205450083934e-05,5.455906220050209e-05,7.336486714019205e-05,0.00011508705333914348,0.00011378729960598081,1.953144547563919e-05,2.6555634069165837e-07,0.0004561867939932782,2.4252276795560557e-05,0.00010988659411569555,1.0789674229668227e-05,6.641129345952966e-08,1.414006753185561e-05,8.94135993338252e-06,1.9483046430339665e-05,2.572704710700009e-06,1.1145643422582386e-05,2.624815101269738e-06,9.334659942061327e-07,2.6501319940103995e-06,4.363713291328142e-07,2.5218351349962796e-06,4.931123529773452e-07,1.345660238303577e-06,1.9033087536203478e-07,1.111213436062679e-06,1.65752040115366e-07,1.444661563972041e-06,3.344832956313758e-07,1.2338952612761914e-09,1.2566577108511867e-06,1.1806322374649075e-09,1.3123450474334995e-10
Zhang SH2016,0.5426134012613907,0.041492123452363555,0.04149170785983421,0.09992220100761881,0.08985022128300904,0.04357293009405185,0.002186622905435259,0.043033954505474446,0.027786369165444108,0.014788574731275013,0.014146711172890531,0.0029803208859890346,0.028293302208063267,0.005960557785049223,0.0,0.0,0.0,0.00029360447575637726,1.4473248577977096e-05,5.928288433000296e-05,0.0004179838612275326,6.969741134491918e-06,4.2949564927768036e-05,1.5976684987980492e-05,1.6199027280969864e-05,0.00014558383373652138,2.619075380163818e-05,4.5619120239440866e-05,0.00012472478063544885,4.060354671566806e-05,0.00020249601428959295,2.8989596499206026e-06,7.851329757385778e-07,0.0003373135103937535,1.142056182727933e-05,3.2556735367160683e-05,3.5976473211998707e-06,1.6032690454362733e-05,3.999825212275124e-06,1.1274306999979457e-06,4.3177742546570566e-06,7.053882923771998e-07,4.186954558611731e-06,8.421510562311357e-07,2.2762950991441458e-06,3.2136412527310375e-07,1.9109005567194047e-06,2.861060221152887e-07,2.7018828310707463e-06,4.675758222481286e-08,1.2419050852586708e-07,8.881269640962652e-07,2.928254920605653e-09,8.304619990196121e-10
Zhang SH2016,0.5146951330823621,0.020132591655512812,0.0201323900007455,0.0877788545533495,0.05442924770366911,0.04592902538509968,0.0016385369966780419,0.09949477720573008,0.11584306583918538,0.02042074460233907,0.004730154298903021,0.0011373243016958125,0.009460268424720229,0.002274616553025622,0.0,0.0,0.0,0.00023540619332638058,7.881692957754532e-06,5.05606587313165e-05,0.00046521227909175747,0.00019249425020435943,5.2594228884083275e-05,9.28560087472049e-05,2.621732159509677e-05,0.00011061905403661967,1.972696944350608e-05,2.5612620047695403e-05,0.00021888199292149498,2.4694797045861204e-05,0.00011538127318909396,1.0634149776235085e-05,4.3241827885169846e-07,0.00020266472852505967,6.926658141171569e-06,1.705182344181563e-05,2.28218882148427e-06,1.016227529028301e-05,2.5510029555442124e-06,9.30593965798413e-07,2.5706355719533758e-06,4.225683800956348e-07,2.5670598046058075e-06,4.972330950178989e-07,1.3280847213658816e-06,1.8347649718962105e-07,1.149339930105697e-06,1.6238797320009144e-07,1.5122347934248681e-06,3.318839750888784e-07,7.582801384935128e-08,6.918629227915363e-07,1.4546873952575503e-09,1.6719931352856703e-10
Zhang SH2016,0.5631027473018564,0.02390187975541643,0.02390164034461443,0.07802008911841098,0.06907300161799246,0.07943914017723402,0.002296084434365801,0.04671653522872672,0.05309484547645782,0.02670012644278379,0.007954047065067594,0.002845771979729073,0.015908026578272585,0.005691463765025948,0.0,0.0,0.0,0.0002027753751610233,1.4386130733236464e-05,3.724494029565034e-05,0.0001892826987595705,8.395082439442628e-07,2.7969292120651358e-05,7.437148742950704e-07,5.977247915253309e-06,0.00011260416646044895,2.3921303037660697e-05,2.7899697417125907e-05,0.0001814293356849603,4.228306457725691e-05,0.00023068233773177227,2.3001135941851823e-05,5.049116145371155e-07,0.00013995454805465775,1.3930221880204316e-05,3.087459586402289e-05,4.235276843693605e-06,1.856397689642693e-05,4.506319240496271e-06,1.461956987417488e-06,4.598892495482032e-06,7.174073222668715e-07,4.289941256041956e-06,8.453453698986934e-07,2.3020720809297744e-06,3.239534340421743e-07,2.025555528122678e-06,2.978895517061695e-07,2.9346958106078955e-06,6.228931239395497e-07,7.969343504663957e-08,4.873745867758668e-07,2.893097130781684e-09,3.5061805661288897e-10
Wang chong 2016,0.5064907180406693,0.007712362464905496,0.0077122852156633675,0.08433571134159758,0.048883575287000935,0.08081072418502093,0.001719410058616403,0.11076064736863303,0.12180238869765504,0.0195809743932116,0.002589714742134757,0.00034371621286810854,0.005179407490156243,0.000687422739641928,0.0,0.0,0.0,5.3339848168691224e-05,2.7067773840971862e-06,5.955254157601288e-05,0.0003244293351408281,0.0002932187870391105,5.101636305524385e-05,0.00012156796536669694,0.00011132490298307733,8.525578037752564e-05,1.5306804585194275e-05,8.20574222276878e-06,0.00013224306509131319,1.5433868051286467e-05,4.652888900922541e-05,2.8882164630977576e-06,1.789552174930379e-07,4.187726541908504e-05,3.8064690567438824e-06,7.094510376432612e-06,1.1642338755106984e-06,5.242669786117144e-06,1.2897851057565963e-06,4.334166524330878e-07,1.4310613963879236e-06,2.49426581531437e-07,1.5537084594029333e-06,3.1429751863952856e-07,8.568423445314415e-07,1.2634933716727142e-07,7.78853494843748e-07,1.1850749620476252e-07,7.072598595242777e-07,9.773881137710251e-08,2.983899280313983e-08,5.709979294046859e-07,6.105944863300005e-10,7.74051832763777e-11
Wang chong 2016,0.5030388705397556,0.007400937147182073,0.0074008630175302435,0.08366992093452207,0.04731769721179579,0.07887945877171407,0.0017180206762064723,0.11566041937554676,0.12605053553963586,0.018876930416109754,0.0025229315508037337,0.0003434384703611517,0.0050458416742076686,0.0006868672624549367,0.0,0.0,0.0,4.6623677743381955e-05,2.4341311367912944e-06,6.153760031789326e-05,0.0003313443106246206,0.0003363431630677867,5.169892382761753e-05,0.00010589668895223965,9.876896071349677e-05,7.828991967942288e-05,1.5294435805020902e-05,9.625043946744107e-06,0.0001293543902304274,1.3844987166644842e-05,4.141465576306692e-05,2.5054708181457246e-06,2.338292610155683e-07,4.055661879567929e-05,2.8909297873704353e-06,5.958052341357394e-06,9.470676227932553e-07,4.224543070013181e-06,1.0820577053856918e-06,3.809380606127762e-07,1.2632765184774454e-06,2.1088271809856812e-07,1.3199600160597178e-06,2.734026183744267e-07,7.650701828661937e-07,1.1542604765425812e-07,7.042752365047721e-07,1.0448094292828835e-07,6.24753471317082e-07,8.755709146261276e-08,2.683339305971021e-08,5.205410610345412e-07,4.914703231436254e-10,6.496781375930688e-11
Wang chong 2016,0.5098988256593884,0.009129691068450688,0.009129599622279699,0.08353149652389792,0.05333482260610985,0.08366505865595811,0.0018138936660060255,0.09896883432663044,0.11800613882147931,0.021057358385269467,0.0029271670893209166,0.00043167121845679417,0.005854309319372873,0.0008633302722033787,0.0,0.0,0.0,4.6704832432758546e-05,2.515575370982958e-06,5.8470409450779686e-05,0.0003440011710153258,0.00030874230179680297,5.635142775059646e-05,9.385038105388898e-05,0.00011570673644450205,8.18153785471007e-05,1.5115342703096544e-05,8.674580106644274e-06,0.00012727225993747847,1.3921521309967473e-05,4.540494995188742e-05,2.684197911258801e-06,2.9966510701688557e-07,4.2967092923948806e-05,3.0039547078693663e-06,6.734395323706538e-06,1.0262260078031181e-06,4.630206700528474e-06,1.157315153545414e-06,3.870759008240019e-07,1.320914357668622e-06,2.2361474317865534e-07,1.406439590892394e-06,2.8605913029352013e-07,7.949427531952468e-07,1.1969111855360863e-07,7.541993693277258e-07,1.1206240687341565e-07,6.694009717864465e-07,9.481349347432035e-08,3.2977665384384314e-08,5.500330803503189e-07,5.566705686986745e-10,6.221614418656607e-11
Wang chong 2016,0.48456192577959156,0.0071290959141274545,0.007129024507305932,0.08059667034150993,0.04594726555455788,0.11111370360971586,0.0016549166598169914,0.11214032087832923,0.11932715849786801,0.01932004151987645,0.002928778046929599,0.00033082375206200837,0.005857531220275142,0.0006616381813457027,0.0,0.0,0.0,3.222439145759851e-05,2.9960361169501007e-06,5.5099149677514404e-05,0.00036526390079469,0.00019529654140485896,5.428198773089166e-05,7.170494499396335e-05,0.00011361511501427175,9.337006098984536e-05,1.5574527590642707e-05,1.0851100387734217e-05,0.00013063230257467096,1.5383134981857568e-05,5.514306859932786e-05,3.209500442445208e-06,2.4732296810328586e-07,5.89851072116204e-05,3.718626358059133e-06,7.833811105039812e-06,1.2205406186837144e-06,5.290184713464255e-06,1.3468089615007641e-06,4.287473824862657e-07,1.4856333409755436e-06,2.548444228076325e-07,1.6363042415057919e-06,3.274209911562939e-07,8.983998874178778e-07,1.3550839316738392e-07,8.547925039807645e-07,1.2748150062535565e-07,8.024078268519276e-07,1.1353604576583001e-07,5.4567546295176824e-08,6.968905500672695e-07,7.509393702731849e-10,8.642207656821593e-11
Wang chong 2016,0.5155845937661335,0.008003829854034594,0.008003749684849955,0.08680671902942282,0.04772798809321373,0.07990562936939885,0.0016462717217685006,0.10248071042493913,0.11399073974935761,0.02360242520765867,0.0032625741587619106,0.00043302052376880914,0.006525120608902313,0.0008660288448033121,0.0,0.0,0.0,3.312326477823443e-05,3.478253044344548e-06,5.017649198297584e-05,0.0003040533665798082,0.00012057309415039007,5.193861542738666e-05,7.20477088514901e-05,8.502010973063781e-05,8.037892674116174e-05,1.639675408683151e-05,1.0787225028457738e-05,0.0001627442827198015,1.3688501413395686e-05,5.3093103301348285e-05,2.937368835108047e-06,1.572378601554021e-07,7.608761885564015e-05,3.0177692635520835e-06,6.887045087979176e-06,9.858136807746377e-07,4.389009225356631e-06,1.1772838196804089e-06,4.449108255533952e-07,1.328951915368966e-06,2.2818118941144792e-07,1.361664577901125e-06,2.869532855847515e-07,7.79053655121262e-07,1.1278856401386615e-07,7.032781741738454e-07,1.0538689526095467e-07,8.057920389982986e-07,1.0869698140404131e-07,3.007340546326191e-08,1.1628329259478453e-06,1.4074226178981599e-09,1.46664951351886e-10
Wang chong 2016,0.5140766216520664,0.0071562764426775895,0.007156204762862621,0.0852749814961584,0.044929149387281805,0.08158349021032651,0.001628531881028777,0.1068072808387287,0.11276240208054035,0.022563281188955696,0.004453836038657262,0.0003855189558900799,0.008907634250992998,0.0007710270476637255,0.0,0.0,0.0,0.0001296635763657765,6.0719509402045466e-06,6.153757442499718e-05,0.0003676162823670482,0.0001964510084571131,6.365623319254435e-05,9.064305534527821e-05,9.56814025313955e-05,9.671730225558981e-05,1.8923410896568318e-05,2.440098433567028e-05,0.00020678963487417228,1.4361663813137723e-05,5.252098438289184e-05,3.2329367514826695e-06,8.783633030805062e-07,8.323723930391627e-05,5.077552143988043e-06,9.93718792146902e-06,1.4066911281578158e-06,5.901359220867766e-06,1.4233971685631421e-06,4.801271673759621e-07,1.4538277089842812e-06,2.371997702859384e-07,1.4180828206729615e-06,2.9123416051828956e-07,7.924698511570038e-07,1.187714504341287e-07,7.097543539903099e-07,1.0772631297083894e-07,8.141412554524926e-07,1.1088586579383079e-07,5.9498682897152946e-08,1.0387935924044694e-06,1.3077065659947359e-09,1.5434523828406788e-10
Wang chong 2016,0.4934108631877944,0.012092585550178133,0.0120924644264506,0.07973335961778048,0.06086198881682198,0.10294694036513198,0.0019818616158688595,0.08963093116904895,0.0954856067244473,0.025740545921457,0.007527416557548448,0.0006028844602011834,0.015054769185406321,0.001205751930817621,0.0,0.0,0.0,5.909920343190267e-05,4.340787690713447e-06,5.941734484128776e-05,0.00043556550063852907,0.00016693067581946279,5.0926061540402474e-05,0.00014267565552968366,0.00012600902604433656,0.00011592986936706644,1.770899362549173e-05,4.269631399149857e-05,0.00020091289728510717,1.95944531703371e-05,6.834545482869516e-05,4.098841572619862e-06,4.783096249723676e-07,7.967382655292545e-05,5.7646178865478886e-06,1.0077268422751237e-05,1.7048121235595167e-06,7.62780087462437e-06,1.930989312815335e-06,5.953050633195293e-07,1.978543968071373e-06,3.461528490443998e-07,2.147837004771184e-06,4.373207225115162e-07,1.1584794754148727e-06,1.6644041052996885e-07,1.0596947362030765e-06,1.6419532456889505e-07,1.0753116130996333e-06,1.4187777490223477e-07,9.570401572300559e-08,1.1534680883183428e-06,1.2806592332598198e-09,1.5516582040398724e-10
Wang chong 2016,0.5001218800139293,0.011729101383886538,0.011728983901189672,0.07994202755598892,0.05904221631689363,0.10244608857151886,0.0018864708946793084,0.08964762949672013,0.10152934686681461,0.0229654543190731,0.004972337784483024,0.0005999513398756811,0.009944633339698179,0.00119988577282341,0.0,0.0,0.0,8.42295407224408e-05,7.694410636251408e-06,7.752974643623488e-05,0.0006436022471039023,0.00020238384760746289,6.677975431021622e-05,0.0002787812283330717,0.00021728920661162347,0.00013304287971762092,2.1810441588432643e-05,2.1849241543279637e-05,0.0001971585459754221,2.1551662610426543e-05,7.80148478504884e-05,4.478278776825649e-06,4.668290681452328e-07,0.00014439833406444888,6.130687830849008e-06,1.1894969904092587e-05,1.955528341747329e-06,9.066658117805138e-06,2.180504380875461e-06,6.36439202970114e-07,2.193274150714033e-06,3.9422536465992307e-07,2.4405895411776703e-06,4.868261727018389e-07,1.2910390321572e-06,1.9083531850474187e-07,1.212720042787136e-06,1.8773213802617554e-07,1.141645930464557e-06,1.5463394932957118e-07,4.464300084754739e-08,1.3269336241879741e-06,1.3590146120830413e-09,1.544109161865219e-10
